{
    "plddt": 83.57493591308594,
    "gpde": 1.1499412059783936,
    "ptm": 0.7545227408409119,
    "iptm": 0.5068467855453491,
    "chain_gpde": [
        0.7448154091835022,
        0.5467967391014099,
        0.40932703018188477
    ],
    "chain_pair_gpde": [
        [
            0.0,
            14.848772048950195,
            3.7870914936065674
        ],
        [
            14.848772048950195,
            0.0,
            6.3286027908325195
        ],
        [
            3.7870914936065674,
            6.3286027908325195,
            0.0
        ]
    ],
    "chain_ptm": [
        0.8387321829795837,
        0.8834988474845886,
        0.635133683681488
    ],
    "chain_iptm": [
        0.3933846354484558,
        0.42472147941589355,
        0.6323497891426086
    ],
    "chain_pair_iptm": [
        [
            0.0,
            0.18575631082057953,
            0.6010129451751709
        ],
        [
            0.18575631082057953,
            0.0,
            0.6636866331100464
        ],
        [
            0.6010129451751709,
            0.6636866331100464,
            0.0
        ]
    ],
    "chain_pair_iptm_global": [
        [
            0.0,
            0.4090530574321747,
            0.6323497891426086
        ],
        [
            0.4090530574321747,
            0.0,
            0.6323497891426086
        ],
        [
            0.6323497891426086,
            0.6323497891426086,
            0.0
        ]
    ],
    "chain_plddt": [
        0.7958844900131226,
        0.8481525182723999,
        0.6045019030570984
    ],
    "chain_pair_plddt": [
        [
            0.0,
            0.8386014699935913,
            0.7837833762168884
        ],
        [
            0.8386014699935913,
            0.0,
            0.8445301055908203
        ],
        [
            0.7837833762168884,
            0.8445301055908203,
            0.0
        ]
    ],
    "has_clash": false,
    "disorder": 0.0,
    "ranking_score": 0.5563820004463196,
    "num_recycles": 10
}