{
    "plddt": 83.92855834960938,
    "gpde": 1.0901801586151123,
    "ptm": 0.7623716592788696,
    "iptm": 0.5406258702278137,
    "chain_gpde": [
        0.7267882227897644,
        0.5465790033340454,
        0.3911459743976593
    ],
    "chain_pair_gpde": [
        [
            0.0,
            14.004109382629395,
            3.5608699321746826
        ],
        [
            14.004109382629395,
            0.0,
            5.677460670471191
        ],
        [
            3.5608699321746826,
            5.677460670471191,
            0.0
        ]
    ],
    "chain_ptm": [
        0.8415822982788086,
        0.8831746578216553,
        0.6825258731842041
    ],
    "chain_iptm": [
        0.40552693605422974,
        0.46484628319740295,
        0.6559998989105225
    ],
    "chain_pair_iptm": [
        [
            0.0,
            0.21437335014343262,
            0.5966805219650269
        ],
        [
            0.21437335014343262,
            0.0,
            0.7153192162513733
        ],
        [
            0.5966805219650269,
            0.7153192162513733,
            0.0
        ]
    ],
    "chain_pair_iptm_global": [
        [
            0.0,
            0.43518662452697754,
            0.6559998989105225
        ],
        [
            0.43518662452697754,
            0.0,
            0.6559998989105225
        ],
        [
            0.6559998989105225,
            0.6559998989105225,
            0.0
        ]
    ],
    "chain_plddt": [
        0.8052139282226562,
        0.849820613861084,
        0.6459987759590149
    ],
    "chain_pair_plddt": [
        [
            0.0,
            0.8416695594787598,
            0.7951467633247375
        ],
        [
            0.8416695594787598,
            0.0,
            0.8467903137207031
        ],
        [
            0.7951467633247375,
            0.8467903137207031,
            0.0
        ]
    ],
    "has_clash": false,
    "disorder": 0.0,
    "ranking_score": 0.584975004196167,
    "num_recycles": 10
}