{
    "plddt": 83.79534149169922,
    "gpde": 1.091603398323059,
    "ptm": 0.7619190216064453,
    "iptm": 0.5433894395828247,
    "chain_gpde": [
        0.7420091032981873,
        0.5492787957191467,
        0.38268107175827026
    ],
    "chain_pair_gpde": [
        [
            0.0,
            14.314029693603516,
            3.4996984004974365
        ],
        [
            14.314029693603516,
            0.0,
            5.634942054748535
        ],
        [
            3.4996984004974365,
            5.634942054748535,
            0.0
        ]
    ],
    "chain_ptm": [
        0.838579535484314,
        0.8821236491203308,
        0.7007453441619873
    ],
    "chain_iptm": [
        0.41557949781417847,
        0.47136634588241577,
        0.6668177247047424
    ],
    "chain_pair_iptm": [
        [
            0.0,
            0.2201281189918518,
            0.6110308766365051
        ],
        [
            0.2201281189918518,
            0.0,
            0.7226045727729797
        ],
        [
            0.6110308766365051,
            0.7226045727729797,
            0.0
        ]
    ],
    "chain_pair_iptm_global": [
        [
            0.0,
            0.4434729218482971,
            0.6668177247047424
        ],
        [
            0.4434729218482971,
            0.0,
            0.6668177247047424
        ],
        [
            0.6668177247047424,
            0.6668177247047424,
            0.0
        ]
    ],
    "chain_plddt": [
        0.8028359413146973,
        0.8484296798706055,
        0.6640546917915344
    ],
    "chain_pair_plddt": [
        [
            0.0,
            0.8400982022285461,
            0.7940608263015747
        ],
        [
            0.8400982022285461,
            0.0,
            0.8456884622573853
        ],
        [
            0.7940608263015747,
            0.8456884622573853,
            0.0
        ]
    ],
    "has_clash": false,
    "disorder": 0.0,
    "ranking_score": 0.5870953798294067,
    "num_recycles": 10
}