{
    "plddt": 83.50782775878906,
    "gpde": 1.0651626586914062,
    "ptm": 0.7639946341514587,
    "iptm": 0.5539514422416687,
    "chain_gpde": [
        0.7057742476463318,
        0.543809711933136,
        0.3837822675704956
    ],
    "chain_pair_gpde": [
        [
            0.0,
            14.35571575164795,
            3.7772154808044434
        ],
        [
            14.35571575164795,
            0.0,
            5.132777690887451
        ],
        [
            3.7772154808044434,
            5.132777690887451,
            0.0
        ]
    ],
    "chain_ptm": [
        0.8386263847351074,
        0.8835394382476807,
        0.6961365938186646
    ],
    "chain_iptm": [
        0.40423157811164856,
        0.47928106784820557,
        0.6656707525253296
    ],
    "chain_pair_iptm": [
        [
            0.0,
            0.21784190833568573,
            0.5906212329864502
        ],
        [
            0.21784190833568573,
            0.0,
            0.7407202124595642
        ],
        [
            0.5906212329864502,
            0.7407202124595642,
            0.0
        ]
    ],
    "chain_pair_iptm_global": [
        [
            0.0,
            0.44175630807876587,
            0.6656707525253296
        ],
        [
            0.44175630807876587,
            0.0,
            0.6656707525253296
        ],
        [
            0.6656707525253296,
            0.6656707525253296,
            0.0
        ]
    ],
    "chain_plddt": [
        0.7952262163162231,
        0.8466398119926453,
        0.6594226956367493
    ],
    "chain_pair_plddt": [
        [
            0.0,
            0.8372448682785034,
            0.786639392375946
        ],
        [
            0.8372448682785034,
            0.0,
            0.8438563942909241
        ],
        [
            0.786639392375946,
            0.8438563942909241,
            0.0
        ]
    ],
    "has_clash": false,
    "disorder": 0.0,
    "ranking_score": 0.5959600806236267,
    "num_recycles": 10
}