{
    "plddt": 83.81362915039062,
    "gpde": 1.091887354850769,
    "ptm": 0.7632955312728882,
    "iptm": 0.5440765023231506,
    "chain_gpde": [
        0.7555199861526489,
        0.5453642010688782,
        0.3918716311454773
    ],
    "chain_pair_gpde": [
        [
            0.0,
            14.188172340393066,
            3.5214526653289795
        ],
        [
            14.188172340393066,
            0.0,
            5.634693145751953
        ],
        [
            3.5214526653289795,
            5.634693145751953,
            0.0
        ]
    ],
    "chain_ptm": [
        0.8359394073486328,
        0.8821799159049988,
        0.6902454495429993
    ],
    "chain_iptm": [
        0.41402360796928406,
        0.4742323160171509,
        0.663680911064148
    ],
    "chain_pair_iptm": [
        [
            0.0,
            0.2245749682188034,
            0.6034722328186035
        ],
        [
            0.2245749682188034,
            0.0,
            0.7238896489143372
        ],
        [
            0.6034722328186035,
            0.7238896489143372,
            0.0
        ]
    ],
    "chain_pair_iptm_global": [
        [
            0.0,
            0.44412797689437866,
            0.663680911064148
        ],
        [
            0.44412797689437866,
            0.0,
            0.663680911064148
        ],
        [
            0.663680911064148,
            0.663680911064148,
            0.0
        ]
    ],
    "chain_plddt": [
        0.802449107170105,
        0.8488763570785522,
        0.6552014946937561
    ],
    "chain_pair_plddt": [
        [
            0.0,
            0.8403926491737366,
            0.7931387424468994
        ],
        [
            0.8403926491737366,
            0.0,
            0.8459969758987427
        ],
        [
            0.7931387424468994,
            0.8459969758987427,
            0.0
        ]
    ],
    "has_clash": false,
    "disorder": 0.0,
    "ranking_score": 0.5879203081130981,
    "num_recycles": 10
}